,YearBuilt,YearRemodAdd,OverallCond,OverallQual,ExterCond,KitchenQual,TotalArea
0,1961,1961,6,5,2,2.0,14530.0
1,1958,1958,6,6,2,3.0,18059.0
2,1997,1998,5,5,2,2.0,17327.0
3,1998,1998,6,6,2,3.0,13734.0
4,1992,1992,5,8,2,3.0,8297.0
5,1993,1994,5,6,2,2.0,13256.0
6,1992,2007,7,6,3,2.0,11742.0
7,1998,1998,5,6,2,2.0,11124.0
8,1990,1990,5,7,2,3.0,13707.0
9,1970,1970,5,4,2,2.0,11169.0
10,1999,1999,5,7,2,3.0,9585.0
11,1971,1971,5,6,2,2.0,3964.0
12,1971,1971,5,5,2,2.0,3617.0
13,1975,1975,6,6,2,3.0,5377.0
14,1975,1975,6,7,2,2.0,4290.0
15,2009,2010,5,9,2,4.0,17954.0
16,2009,2010,5,8,2,3.0,16874.0
17,2005,2005,5,9,2,4.0,16104.0
18,2005,2006,5,8,2,4.0,18563.0
19,2003,2004,5,9,2,4.0,21390.0
20,2002,2002,5,8,2,3.0,18933.0
21,2006,2006,5,8,2,3.0,10645.0
22,2005,2005,5,6,2,3.0,21667.0
23,2006,2006,5,7,2,3.0,6246.0
24,2004,2004,5,7,2,3.0,15658.0
25,2004,2004,5,7,2,3.0,11926.0
26,1998,1998,5,8,2,3.0,22973.0
27,2005,2006,5,8,2,3.0,13345.0
28,2009,2010,5,7,2,3.0,12463.0
29,2005,2005,5,6,2,3.0,14222.0
30,2004,2004,5,7,2,3.0,15250.0
31,1920,1950,5,5,1,2.0,12379.0
32,1974,2002,6,6,3,2.0,19351.0
33,1993,1993,5,8,2,3.0,17679.0
34,1992,1993,5,8,2,3.0,15888.0
35,2004,2005,5,7,2,3.0,8703.0
36,2004,2004,5,7,2,3.0,6734.0
37,2004,2004,5,7,2,3.0,5667.0
38,2004,2005,5,7,2,3.0,4996.0
39,2005,2005,5,6,2,3.0,5026.0
40,2000,2000,5,6,2,3.0,5720.0
41,2003,2003,5,7,2,3.0,4559.0
42,2010,2010,5,8,2,3.0,17501.0
43,2000,2000,5,8,2,3.0,11538.0
44,2002,2002,5,7,2,3.0,12271.0
45,1967,1967,6,6,2,2.0,14725.0
46,1993,1993,5,6,2,3.0,15706.0
47,1978,1978,5,6,2,2.0,22699.0
48,1971,1971,6,6,2,2.0,12479.0
49,1966,1966,5,5,2,2.0,12778.0
50,1966,1966,5,5,2,2.0,12942.0
51,1967,1967,6,5,2,3.0,13461.0
52,1964,1964,5,6,2,2.0,13560.0
53,1962,2001,6,5,2,2.0,16716.0
54,1952,2002,7,5,2,2.0,13725.0
55,1949,1950,6,6,3,2.0,20318.0
56,1966,2008,8,6,2,3.0,14379.0
57,1958,1958,5,5,2,2.0,12135.0
58,2003,2009,5,7,2,3.0,12354.0
59,1959,1959,5,5,2,2.0,10644.0
60,1959,1959,5,5,2,2.0,13470.0
61,1959,1959,5,6,2,2.0,13484.0
62,1956,1956,5,4,2,2.0,10814.0
63,1952,1952,7,5,2,1.0,13196.0
64,1955,1955,6,5,3,2.0,13349.0
65,1958,1958,5,5,2,2.0,15827.0
66,1920,1994,7,4,2,2.0,10135.0
67,1948,2004,8,6,2,2.0,11212.0
68,1960,1960,6,5,2,2.0,10469.0
69,1963,1984,7,6,2,2.0,14657.0
70,1900,1954,5,4,2,2.0,7761.0
71,1920,1950,7,5,2,2.0,6594.0
72,1957,1957,7,5,2,3.0,9050.0
73,1938,2000,7,6,2,1.0,9218.0
74,1948,2009,7,5,3,3.0,14977.0
75,1920,1962,6,5,2,2.0,11141.0
76,1923,1970,2,2,1,2.0,11946.0
77,1900,2003,9,8,3,3.0,12966.0
78,1890,2002,9,8,3,3.0,12346.0
79,1910,1950,3,5,1,1.0,12177.0
80,1922,1994,7,6,2,2.0,13392.0
81,1950,1997,6,5,3,2.0,8793.0
82,1922,2005,7,7,2,3.0,11344.0
83,1925,1950,7,4,2,3.0,7041.0
84,1939,1950,7,6,2,2.0,8108.0
85,1940,1950,6,6,3,2.0,8344.0
86,1942,1950,6,5,2,3.0,9071.0
87,1948,1950,7,6,2,2.0,8998.0
88,1936,1980,7,5,2,2.0,9076.0
89,1930,1950,5,5,2,2.0,9194.0
90,1923,1950,5,6,2,2.0,8728.0
91,1915,1950,5,4,1,2.0,12200.0
92,1912,2009,8,6,3,3.0,16096.0
93,1920,1993,8,6,3,2.0,5346.0
94,1959,1959,5,5,2,2.0,18857.0
95,1917,1950,3,5,2,,12973.0
96,1915,1950,4,5,1,2.0,12672.0
97,1940,1950,5,6,2,2.0,7796.0
98,1907,1950,1,4,2,2.0,9279.0
99,1910,1950,7,5,3,2.0,9290.0
100,1967,1967,3,4,1,2.0,14495.0
101,1966,2008,7,5,2,3.0,9972.0
102,1968,1968,5,5,2,2.0,10292.0
103,1978,1978,5,5,2,2.0,10707.0
104,1968,1968,5,5,3,2.0,14289.0
105,1977,2001,7,7,3,2.0,24647.0
106,1927,1950,4,4,2,2.0,11275.0
107,1978,1992,5,6,2,3.0,21478.0
108,1938,1990,4,3,2,1.0,21722.0
109,1950,1987,7,6,2,3.0,13787.0
110,1947,1979,6,4,2,2.0,11484.0
111,1954,1998,7,5,2,2.0,12715.0
112,2009,2010,5,7,2,3.0,21073.0
113,1964,1964,3,5,1,2.0,14396.0
114,1987,1987,5,7,2,3.0,15918.0
115,1993,1993,7,6,3,3.0,17118.0
116,2010,2010,5,7,2,3.0,10473.0
117,1900,1993,8,6,2,2.0,16899.0
118,1996,1996,5,5,3,2.0,13662.0
119,1997,1998,5,7,2,2.0,12459.0
120,1977,2004,8,5,3,2.0,18317.0
121,1972,1972,6,5,2,2.0,9716.0
122,2003,2003,5,8,2,3.0,15596.0
123,1997,1997,5,7,2,3.0,13834.0
124,2003,2003,5,6,2,3.0,6831.0
125,1945,2007,6,3,3,2.0,9657.0
126,1954,1954,6,5,3,2.0,10710.0
127,1968,1968,6,5,2,2.0,13454.0
128,1948,1950,5,4,2,1.0,14296.0
129,1975,1975,6,6,2,2.0,8761.0
130,1958,1958,5,4,2,2.0,8330.0
131,1924,1999,6,5,2,1.0,7552.0
132,1939,1950,6,6,2,2.0,10167.0
133,1967,1967,6,4,2,2.0,9850.0
134,1931,1950,2,5,2,2.0,12555.0
135,1941,1985,6,7,3,2.0,14511.0
136,1950,1991,6,5,3,2.0,19293.0
137,1994,2007,6,7,2,3.0,22193.0
138,1989,1989,6,8,2,3.0,6839.0
139,1989,1989,5,8,2,3.0,7125.0
140,1941,1950,5,2,2,2.0,9374.0
141,1921,1975,5,6,2,2.0,11757.0
142,1896,1950,7,4,1,2.0,11015.0
143,2004,2005,5,8,2,3.0,8040.0
144,1998,1999,5,8,2,3.0,14826.0
145,1977,1977,7,6,2,3.0,13397.0
146,1976,1976,5,6,2,2.0,17542.0
147,2008,2008,5,7,2,3.0,15486.0
148,2009,2010,5,7,2,3.0,12776.0
149,2006,2007,5,5,2,2.0,12230.0
150,1965,1977,5,5,2,2.0,18160.0
151,2004,2005,5,5,2,3.0,13598.0
152,1999,1999,5,5,2,2.0,15905.0
153,1973,1973,6,5,2,2.0,5049.0
154,1970,1970,7,4,2,2.0,3540.0
155,1970,1970,4,4,2,2.0,3538.0
156,1972,1972,6,4,2,2.0,3878.0
157,1971,2004,7,5,3,2.0,9043.0
158,1984,1984,7,5,2,3.0,15910.0
159,1985,1986,2,5,0,2.0,12364.0
160,1991,1991,5,5,2,2.0,12993.0
161,1969,1969,5,5,2,2.0,14016.0
162,1994,1995,5,8,3,3.0,14400.0
163,1993,1994,5,6,3,3.0,17162.0
164,1956,1956,5,6,2,2.0,15274.0
165,1974,1974,5,6,2,2.0,13777.0
166,1997,1997,5,6,2,2.0,13736.0
167,2003,2003,5,8,2,3.0,16001.0
168,1996,1997,5,7,2,2.0,10970.0
169,2004,2005,5,8,2,3.0,13011.0
170,1998,1998,5,8,2,2.0,11150.0
171,1995,1996,5,8,2,3.0,12016.0
172,1998,1998,5,7,2,2.0,11597.0
173,1998,1999,5,6,2,2.0,10612.0
174,1994,1995,5,6,2,3.0,11481.0
175,1993,1993,5,6,2,3.0,10072.0
176,1977,1977,6,5,2,2.0,15899.0
177,1978,1978,6,7,2,3.0,17237.0
178,1978,1986,6,6,2,2.0,15069.0
179,1980,1991,7,7,2,3.0,16985.0
180,1978,1998,5,6,2,2.0,14414.0
181,2003,2003,5,7,2,4.0,10426.0
182,2000,2001,5,8,2,3.0,11154.0
183,2002,2002,5,8,2,3.0,12316.0
184,1975,1975,7,5,2,2.0,13583.0
185,1974,1974,6,6,2,2.0,12900.0
186,1975,1975,5,7,2,2.0,14005.0
187,1970,1970,5,5,2,2.0,10712.0
188,1971,1971,7,5,2,2.0,10939.0
189,1970,1970,6,4,2,2.0,9762.0
190,1971,2006,7,4,3,2.0,11704.0
191,1973,1973,5,6,2,2.0,3414.0
192,1972,1972,6,6,2,2.0,3438.0
193,1976,1976,5,6,2,2.0,5316.0
194,1975,1975,5,7,2,2.0,4859.0
195,1977,1977,5,6,2,2.0,5128.0
196,1978,1978,5,6,2,2.0,5372.0
197,1978,1978,5,6,2,2.0,5409.0
198,1976,1976,6,7,2,2.0,4441.0
199,1966,2004,7,5,2,2.0,13512.0
200,2007,2007,5,9,2,4.0,19893.0
201,2009,2009,5,9,2,4.0,17466.0
202,2008,2008,5,9,2,4.0,17768.0
203,2007,2007,5,10,2,4.0,20529.0
204,2008,2008,5,9,2,4.0,16612.0
205,2004,2005,5,8,2,3.0,21646.0
206,2007,2007,5,8,2,4.0,28628.0
207,2008,2008,5,9,2,4.0,15157.0
208,2006,2006,5,9,2,4.0,15027.0
209,2008,2008,5,9,2,4.0,18372.0
210,2003,2004,5,7,2,3.0,17501.0
211,2003,2003,5,9,2,4.0,21180.0
212,2003,2004,5,8,2,3.0,17742.0
213,2006,2006,5,8,2,3.0,14253.0
214,2005,2005,5,6,2,3.0,10524.0
215,2005,2005,5,6,2,3.0,8761.0
216,2007,2008,5,7,2,3.0,13909.0
217,2004,2005,5,10,2,4.0,21456.0
218,2003,2004,5,8,2,4.0,20818.0
219,2008,2009,5,9,2,4.0,12359.0
220,2008,2008,5,9,2,4.0,10344.0
221,2002,2003,5,8,2,3.0,21514.0
222,2003,2003,5,7,2,3.0,7100.0
223,2005,2005,5,7,2,3.0,13702.0
224,2005,2006,5,6,2,3.0,11637.0
225,2005,2006,5,7,2,3.0,6235.0
226,2004,2005,5,7,2,3.0,11792.0
227,2004,2005,5,7,2,3.0,11206.0
228,2004,2004,5,7,2,3.0,13647.0
229,2003,2003,5,7,2,3.0,11711.0
230,2003,2003,5,7,2,3.0,10863.0
231,2002,2002,5,8,2,3.0,16457.0
232,2004,2004,5,7,2,3.0,11892.0
233,2000,2000,5,6,2,2.0,11207.0
234,1999,2000,5,7,2,2.0,9964.0
235,1999,1999,5,7,2,3.0,20639.0
236,1999,1999,6,7,2,2.0,10072.0
237,2000,2000,5,8,2,3.0,18206.0
238,1994,1995,5,8,2,3.0,16072.0
239,1995,1996,5,7,2,3.0,13766.0
240,1993,1994,5,8,2,3.0,16231.0
241,2008,2008,5,8,2,3.0,15854.0
242,2008,2008,5,8,2,3.0,14536.0
243,2007,2007,5,8,2,3.0,14447.0
244,2006,2006,5,8,2,3.0,13129.0
245,2005,2006,5,9,2,4.0,17237.0
246,2008,2009,5,7,2,3.0,11515.0
247,2008,2008,5,7,2,3.0,12605.0
248,2007,2008,5,9,2,3.0,17210.0
249,2006,2007,5,8,2,3.0,11152.0
250,2006,2006,5,8,2,3.0,14461.0
251,2008,2009,5,8,2,3.0,12489.0
252,2006,2007,5,7,2,4.0,15106.0
253,2003,2004,5,7,2,3.0,12902.0
254,2003,2003,5,7,2,3.0,11265.0
255,2007,2007,6,7,2,3.0,12795.0
256,2006,2006,5,7,2,3.0,10630.0
257,2004,2004,5,6,2,3.0,9866.0
258,2004,2004,5,7,2,3.0,14136.0
259,2004,2004,5,8,2,3.0,14466.0
260,2004,2005,5,7,2,3.0,16474.0
261,2004,2004,5,5,2,3.0,15339.0
262,2003,2004,5,5,2,3.0,15296.0
263,2008,2009,5,7,2,3.0,11109.0
264,1996,1997,5,7,2,3.0,15160.0
265,1992,1992,6,6,3,3.0,11036.0
266,1990,1991,5,6,2,3.0,10441.0
267,1994,1994,5,7,2,3.0,12210.0
268,1986,1986,7,6,3,2.0,12863.0
269,1981,1981,7,6,2,2.0,10744.0
270,1962,1962,5,5,2,2.0,12138.0
271,1961,1961,6,5,2,2.0,11271.0
272,1961,1961,5,5,2,2.0,11563.0
273,1965,1965,5,5,2,2.0,11990.0
274,1963,1995,8,5,3,3.0,9915.0
275,1962,1962,6,5,2,2.0,9226.0
276,1980,1980,8,8,3,3.0,21747.0
277,1991,2008,8,7,3,3.0,16267.0
278,2004,2005,5,7,2,3.0,8142.0
279,2008,2008,5,6,2,3.0,8097.0
280,2008,2008,5,6,2,3.0,7428.0
281,2000,2000,5,6,2,3.0,5738.0
282,1999,1999,5,7,2,3.0,6451.0
283,1977,2008,9,8,4,4.0,20071.0
284,1981,1981,5,7,2,3.0,20131.0
285,1976,1976,5,8,3,2.0,13082.0
286,1974,1974,6,7,2,3.0,16969.0
287,1967,1997,7,6,2,3.0,14775.0
288,1969,1969,5,5,2,2.0,13361.0
289,1969,1969,5,6,2,2.0,11768.0
290,1977,1992,7,7,3,3.0,18360.0
291,1967,1967,6,5,2,2.0,9170.0
292,1967,1967,5,5,2,2.0,13536.0
293,1974,1974,5,7,2,2.0,13597.0
294,1971,1971,5,6,2,2.0,19567.0
295,1960,1960,7,4,2,2.0,9980.0
296,1959,1959,7,5,2,2.0,10161.0
297,1957,1957,5,4,2,2.0,12704.0
298,1956,1956,6,5,3,2.0,16946.0
299,1961,1995,6,5,2,3.0,13079.0
300,1964,1964,5,5,3,2.0,13728.0
301,1965,1965,6,5,3,2.0,12707.0
302,1961,1961,6,6,2,3.0,14797.0
303,1955,1955,5,5,2,2.0,12088.0
304,1967,1967,5,6,2,2.0,14148.0
305,1961,1961,6,6,2,2.0,14346.0
306,1966,2008,8,6,3,3.0,18818.0
307,1956,1956,7,5,2,2.0,11873.0
308,1960,1960,6,7,2,2.0,15587.0
309,1959,1998,8,6,2,3.0,11825.0
310,1956,1956,5,5,2,2.0,11613.0
311,1955,1955,5,5,2,3.0,12424.0
312,1956,1956,5,4,2,2.0,13423.0
313,1958,1958,4,5,2,2.0,13709.0
314,1954,1954,7,6,2,2.0,10549.0
315,1951,1951,5,5,2,2.0,15548.0
316,1945,1950,6,5,3,1.0,10306.0
317,1952,2005,8,5,2,3.0,9918.0
318,1953,1953,5,5,2,2.0,11875.0
319,1948,1999,7,7,2,2.0,14189.0
320,1950,1950,6,5,2,2.0,12498.0
321,1958,1958,5,3,2,2.0,7510.0
322,1939,2006,7,5,3,3.0,14050.0
323,1900,2003,8,4,3,2.0,10150.0
324,1925,1950,7,5,2,4.0,12738.0
325,1915,1950,5,4,2,3.0,13996.0
326,1910,2008,9,7,3,3.0,10186.0
327,1940,1950,5,2,2,3.0,6496.0
328,1920,1950,7,5,2,3.0,12942.0
329,1890,1998,5,3,2,2.0,12505.0
330,1969,1969,5,6,2,2.0,14370.0
331,1963,1963,7,6,2,2.0,13483.0
332,1967,1967,4,6,2,2.0,14216.0
333,1958,2007,9,6,3,3.0,10434.0
334,1957,1957,6,6,2,2.0,12972.0
335,1958,1958,6,6,2,2.0,10778.0
336,1950,1950,5,6,2,2.0,11123.0
337,1958,1958,6,5,2,2.0,9726.0
338,1952,1952,7,5,3,2.0,8972.0
339,1959,1959,5,5,2,2.0,9999.0
340,1949,1996,7,4,2,2.0,13681.0
341,1948,1994,7,6,2,2.0,10964.0
342,1964,1964,5,6,2,2.0,10694.0
343,1978,1978,7,5,3,3.0,11090.0
344,1963,1963,6,6,2,2.0,10290.0
345,1935,1998,8,6,2,3.0,6669.0
346,1910,1950,5,6,2,2.0,13744.0
347,1910,2003,8,5,3,3.0,17678.0
348,1910,2002,8,5,2,2.0,12044.0
349,1939,1950,6,5,2,2.0,9272.0
350,1920,1950,6,4,2,1.0,10076.0
351,1910,1950,5,5,2,2.0,12786.0
352,1950,1970,7,5,4,2.0,8416.0
353,1920,1950,6,4,2,2.0,9542.0
354,1940,1950,4,2,3,2.0,6870.0
355,1923,1950,8,5,2,2.0,10304.0
356,1910,1950,4,4,3,3.0,12667.0
357,1900,1950,7,6,2,4.0,11916.0
358,1917,2007,7,6,2,4.0,5895.0
359,1910,1950,3,4,2,2.0,4773.0
360,1920,1950,6,6,2,2.0,7799.0
361,1910,2002,7,6,2,3.0,12860.0
362,1900,1950,3,3,1,2.0,10564.0
363,1923,1950,6,6,2,3.0,9878.0
364,1930,1982,7,5,2,2.0,7795.0
365,1924,1950,5,5,2,2.0,8028.0
366,1925,1999,6,5,2,2.0,8405.0
367,1938,1950,6,5,2,2.0,9466.0
368,1925,1950,5,5,1,2.0,12068.0
369,1915,1950,6,6,2,2.0,11636.0
370,1915,1994,8,7,3,2.0,12836.0
371,1922,1950,1,5,2,2.0,6224.0
372,1927,1950,5,6,2,2.0,10055.0
373,1915,2002,7,6,2,3.0,8200.0
374,1902,2000,5,7,1,2.0,9026.0
375,1927,1950,6,6,1,2.0,8562.0
376,1923,1950,6,4,3,3.0,7175.0
377,1915,1965,7,6,3,2.0,13017.0
378,1946,2001,9,4,3,1.0,5788.0
379,1987,1988,5,5,3,2.0,13440.0
380,1978,1978,5,5,2,2.0,13103.0
381,1934,1950,3,5,2,2.0,11703.0
382,1967,1967,6,5,2,2.0,14612.0
383,1978,1978,5,6,2,2.0,10008.0
384,1961,1961,5,5,2,2.0,18471.0
385,1960,1960,5,6,2,2.0,18208.0
386,1956,1956,5,5,2,2.0,19106.0
387,1947,1950,2,2,2,1.0,9760.0
388,1954,1954,5,4,2,2.0,17716.0
389,1956,1956,5,5,2,2.0,12057.0
390,1946,1950,7,6,2,3.0,12026.0
391,1954,1954,6,5,2,2.0,10526.0
392,1984,1984,5,5,2,3.0,6704.0
393,1990,1991,6,7,2,3.0,13619.0
394,1983,1983,5,6,2,3.0,21689.0
395,1993,1994,5,7,3,3.0,15035.0
396,1880,2007,7,5,2,2.0,28992.0
397,1979,1979,5,5,2,2.0,10112.0
398,1979,1979,5,5,2,2.0,8953.0
399,1979,1979,5,5,2,3.0,10275.0
400,1979,1979,5,5,2,2.0,8920.0
401,2000,2000,5,7,2,2.0,17254.0
402,2000,2000,5,7,2,2.0,13338.0
403,2000,2000,5,7,2,2.0,13375.0
404,2009,2009,5,9,2,4.0,15700.0
405,2008,2008,5,9,2,4.0,15622.0
406,2008,2008,5,8,2,3.0,13544.0
407,2007,2008,5,8,2,3.0,16152.0
408,2007,2007,5,7,2,3.0,10332.0
409,2008,2008,5,8,2,3.0,14070.0
410,2005,2006,5,8,2,3.0,15871.0
411,2005,2006,5,6,2,3.0,14312.0
412,1992,1993,5,7,2,3.0,20924.0
413,1994,1994,7,5,3,2.0,12401.0
414,1998,1998,5,7,2,2.0,18299.0
415,1998,1998,5,6,2,2.0,12338.0
416,2002,2001,5,7,2,3.0,14519.0
417,2001,2001,5,7,2,3.0,15040.0
418,1978,1978,5,5,2,2.0,18570.0
419,1979,1979,7,5,2,2.0,9222.0
420,2002,2002,5,7,2,3.0,16692.0
421,2003,2003,5,8,2,3.0,16672.0
422,2002,2002,5,7,2,3.0,11912.0
423,2001,2001,5,7,2,3.0,15227.0
424,1999,2000,5,8,2,3.0,19550.0
425,2002,2003,5,8,2,3.0,17487.0
426,1997,1998,5,7,2,3.0,12332.0
427,2007,2007,5,8,2,3.0,14433.0
428,2007,2007,5,6,2,3.0,13749.0
429,1960,1971,6,4,2,2.0,13629.0
430,2005,2006,5,6,2,2.0,5847.0
431,1959,1959,5,4,2,2.0,8482.0
432,1950,1950,5,5,2,2.0,14660.0
433,1959,1959,5,5,2,2.0,14282.0
434,1956,1956,5,5,2,2.0,14790.0
435,1941,1950,6,5,2,2.0,10654.0
436,1938,1950,4,5,2,2.0,8705.0
437,1935,1950,6,6,2,2.0,8466.0
438,1916,2000,8,6,2,3.0,11242.0
439,1918,1990,8,7,2,2.0,9506.0
440,1940,1950,6,5,2,2.0,16698.0
441,1960,1960,4,5,2,2.0,18614.0
442,1940,1950,6,7,2,2.0,12002.0
443,1954,1954,6,5,3,2.0,11714.0
444,1960,1960,6,6,2,2.0,17192.0
445,1949,2005,7,5,2,1.0,18566.0
446,1954,1954,5,6,2,2.0,21493.0
447,1980,1980,6,6,2,2.0,4291.0
448,1980,1992,6,6,3,3.0,4092.0
449,1980,1980,6,6,2,2.0,4172.0
450,1986,1986,6,6,3,2.0,17574.0
451,1971,2009,9,7,3,4.0,22860.0
452,1900,1993,6,5,2,3.0,13024.0
453,1925,1950,6,4,2,2.0,11616.0
454,2007,2008,5,8,2,4.0,8099.0
455,1910,1950,4,2,1,2.0,23132.0
456,2000,2001,5,8,2,3.0,14437.0
457,1977,1977,6,6,2,2.0,12567.0
458,1977,1977,7,6,2,2.0,12908.0
459,1991,1991,5,5,2,2.0,14919.0
460,2008,2008,5,9,2,4.0,18778.0
461,2008,2008,5,9,2,4.0,18725.0
462,1980,2006,8,6,3,3.0,13862.0
463,1987,1989,5,7,2,3.0,18807.0
464,2003,2003,5,7,2,3.0,12931.0
465,2007,2007,5,9,2,4.0,18177.0
466,1968,1968,7,5,2,3.0,15206.0
467,1969,2000,5,5,2,2.0,16495.0
468,1972,1972,8,5,2,2.0,9893.0
469,1993,1996,5,6,3,2.0,10170.0
470,1992,1993,6,5,2,2.0,10310.0
471,1992,1992,5,5,2,2.0,13080.0
472,1969,1969,7,5,4,2.0,14312.0
473,1997,1998,5,6,2,2.0,11738.0
474,1995,1996,5,6,2,2.0,11142.0
475,1998,1998,5,6,2,2.0,12819.0
476,1996,1996,5,6,2,2.0,18396.0
477,1996,1997,5,5,2,3.0,17312.0
478,1997,1997,5,8,2,3.0,10138.0
479,1992,1992,5,8,2,3.0,8362.0
480,1998,1998,5,6,2,2.0,14248.0
481,1991,1991,5,6,2,3.0,17068.0
482,1989,1989,5,8,2,3.0,9313.0
483,2005,2005,5,8,2,4.0,18310.0
484,2004,2004,5,9,2,4.0,20343.0
485,1952,1952,2,6,2,2.0,34965.0
486,2007,2007,5,9,2,4.0,12455.0
487,1950,1950,5,6,2,2.0,51174.0
488,1988,1988,6,7,2,4.0,16760.0
489,1983,1983,7,7,2,2.0,14247.0
490,1978,1978,5,7,3,3.0,23621.0
491,1979,1979,5,7,2,3.0,19499.0
492,1976,1976,5,6,2,3.0,16125.0
493,1980,1988,6,7,2,2.0,13800.0
494,1969,1969,6,5,2,2.0,12255.0
495,1978,1978,7,7,2,3.0,18309.0
496,1976,1976,5,6,2,2.0,13785.0
497,1996,1996,5,8,2,3.0,19456.0
498,1974,1974,5,5,2,2.0,12213.0
499,1969,1969,6,4,2,2.0,12487.0
500,1971,1971,5,5,2,2.0,9864.0
501,1973,1973,5,6,2,2.0,3518.0
502,1972,1972,6,6,2,2.0,4534.0
503,1972,1972,5,5,2,2.0,3876.0
504,1975,1975,6,6,2,2.0,5079.0
505,1977,1977,6,7,2,2.0,5117.0
506,2007,2007,5,8,2,3.0,17286.0
507,2007,2007,5,8,2,4.0,20019.0
508,2007,2007,5,9,2,4.0,19543.0
509,2006,2006,5,9,2,4.0,19472.0
510,2005,2006,5,10,2,4.0,18551.0
511,2005,2005,5,9,2,4.0,17346.0
512,2007,2007,5,8,2,3.0,12815.0
513,2004,2004,5,8,2,4.0,15400.0
514,2003,2003,5,10,2,4.0,19247.0
515,2003,2004,5,8,2,3.0,15215.0
516,2001,2002,5,8,2,3.0,21834.0
517,2003,2003,5,8,2,3.0,22295.0
518,2008,2008,5,9,2,4.0,14752.0
519,2005,2005,5,7,2,3.0,15555.0
520,2007,2008,5,9,2,4.0,13196.0
521,2006,2007,5,8,2,3.0,9509.0
522,2006,2007,5,8,2,3.0,9509.0
523,2003,2004,5,7,2,3.0,5339.0
524,2003,2003,5,7,2,3.0,7930.0
525,2004,2004,5,7,2,3.0,7883.0
526,2007,2008,5,7,2,3.0,6754.0
527,2004,2004,5,6,2,3.0,11796.0
528,2002,2003,5,7,2,3.0,11294.0
529,2003,2003,5,7,2,3.0,11951.0
530,2007,2008,6,7,2,3.0,10903.0
531,2000,2001,5,7,2,2.0,11741.0
532,2002,2002,5,7,2,3.0,10509.0
533,1999,2000,5,7,2,2.0,16551.0
534,1999,1999,5,7,2,2.0,11425.0
535,1997,1997,5,8,2,3.0,13679.0
536,2000,2000,5,9,2,4.0,15855.0
537,1998,1998,5,8,2,3.0,16922.0
538,1996,1997,5,7,2,3.0,15091.0
539,1995,1995,7,8,2,3.0,16894.0
540,1993,1994,5,7,2,3.0,14939.0
541,2006,2006,5,7,2,3.0,17077.0
542,2007,2007,5,8,2,3.0,14202.0
543,2007,2008,5,8,2,3.0,13581.0
544,2006,2007,5,8,2,3.0,13457.0
545,2007,2008,5,8,2,3.0,12460.0
546,2007,2007,5,8,2,3.0,14991.0
547,2007,2008,5,7,2,3.0,10902.0
548,2003,2003,5,6,2,3.0,13535.0
549,2003,2004,5,7,2,3.0,16154.0
550,2005,2006,5,6,2,3.0,15512.0
551,2007,2007,5,7,2,3.0,12099.0
552,1995,1995,5,6,2,3.0,11411.0
553,1993,1994,5,6,2,3.0,11904.0
554,1994,1995,5,7,2,3.0,17899.0
555,2001,2001,5,6,2,3.0,11649.0
556,1992,1992,5,7,2,3.0,11833.0
557,1963,1963,5,5,2,2.0,11798.0
558,1961,2007,8,5,3,3.0,10512.0
559,1968,1968,5,5,2,2.0,10538.0
560,1963,1963,5,5,2,2.0,8364.0
561,1974,1974,5,6,2,2.0,23359.0
562,1972,1972,4,5,3,2.0,13983.0
563,1990,1991,5,6,2,3.0,14212.0
564,1993,1994,5,9,2,3.0,16932.0
565,2004,2005,5,7,2,3.0,6510.0
566,2005,2005,5,6,2,3.0,5626.0
567,2007,2007,5,7,2,3.0,5903.0
568,1999,1999,5,6,2,2.0,5045.0
569,2000,2000,5,9,2,4.0,9040.0
570,2001,2001,5,9,2,3.0,8302.0
571,2001,2001,5,9,2,4.0,8179.0
572,1999,2000,5,9,2,4.0,8068.0
573,1999,2000,5,7,2,3.0,4738.0
574,2001,2001,5,7,2,2.0,13839.0
575,1999,1999,5,8,2,3.0,6009.0
576,1999,2000,5,8,2,3.0,6030.0
577,1998,1999,5,10,2,4.0,8344.0
578,1995,1995,5,8,2,3.0,14378.0
579,1977,1977,3,9,3,3.0,29740.0
580,1976,2007,9,8,4,4.0,20577.0
581,2002,2002,5,7,2,2.0,11133.0
582,1969,1969,6,6,2,2.0,14690.0
583,1968,1968,5,6,2,2.0,15284.0
584,1967,1967,7,7,2,3.0,19459.0
585,1965,1965,6,5,2,2.0,13484.0
586,1968,1968,6,5,2,2.0,11520.0
587,1965,2005,7,5,2,2.0,11004.0
588,1965,1965,5,5,2,2.0,15104.0
589,1971,1971,6,7,2,2.0,16314.0
590,1956,1956,5,5,2,2.0,9306.0
591,1961,1961,5,5,3,2.0,12743.0
592,1960,2000,7,5,2,3.0,14412.0
593,1937,1950,7,4,2,2.0,6367.0
594,1960,1960,6,5,1,3.0,12864.0
595,1950,2006,8,5,3,3.0,11965.0
596,1953,1953,5,5,2,2.0,10232.0
597,1966,1999,7,6,3,3.0,18472.0
598,1957,1957,4,5,2,2.0,11683.0
599,1959,1998,7,5,2,3.0,13564.0
600,1958,1958,6,6,2,2.0,17586.0
601,1956,1958,5,5,2,2.0,13017.0
602,1952,1952,6,5,2,3.0,13398.0
603,1953,1953,6,5,2,2.0,12313.0
604,1953,1953,5,5,2,2.0,15140.0
605,1957,1957,5,6,2,2.0,17618.0
606,1957,1982,3,5,2,2.0,10975.0
607,1957,1957,5,5,2,2.0,16568.0
608,1948,1950,6,4,2,2.0,11447.0
609,1925,1950,8,5,3,2.0,9964.0
610,1940,2005,7,4,2,2.0,7336.0
611,1922,1950,5,5,2,2.0,14752.0
612,1968,1968,6,5,2,2.0,12956.0
613,1958,2001,7,7,2,2.0,14922.0
614,1960,1993,6,6,2,2.0,15646.0
615,1951,1951,7,5,2,2.0,9528.0
616,1959,1959,6,5,2,3.0,11063.0
617,1962,1962,5,5,2,2.0,10353.0
618,1948,1950,6,6,2,2.0,10944.0
619,1954,1954,7,6,2,2.0,8590.0
620,1954,1954,5,6,2,2.0,9572.0
621,1961,1961,5,5,2,2.0,12113.0
622,1955,1967,6,5,3,2.0,10036.0
623,1954,1954,7,5,2,2.0,9200.0
624,1963,1963,5,5,2,2.0,10088.0
625,2008,2008,5,6,2,2.0,11644.0
626,1948,2005,7,5,2,2.0,11687.0
627,1910,2003,5,5,2,2.0,7604.0
628,1940,1950,4,5,2,2.0,6400.0
629,1915,2005,7,6,2,3.0,8740.0
630,1910,1996,6,4,2,2.0,14021.0
631,1940,1985,6,4,3,2.0,10899.0
632,1920,1950,5,5,1,4.0,10445.0
633,1920,2006,6,7,2,3.0,7386.0
634,1940,1950,6,6,2,2.0,14074.0
635,1910,1950,6,5,2,2.0,8432.0
636,1890,1996,9,5,2,3.0,7873.0
637,1946,1950,6,5,2,2.0,12292.0
638,1946,1950,5,2,3,2.0,8694.0
639,1949,1992,1,3,2,2.0,14241.0
640,1900,2006,5,5,1,2.0,12430.0
641,1920,1965,8,7,2,2.0,7904.0
642,1900,2003,7,5,2,2.0,10953.0
643,1920,1960,5,5,2,2.0,13535.0
644,1905,2005,9,5,2,3.0,8669.0
645,1920,1950,1,2,1,2.0,13717.0
646,1890,1999,7,7,2,2.0,15249.0
647,1959,1959,6,5,2,1.0,12026.0
648,1958,2006,6,4,2,2.0,10786.0
649,1928,1983,7,5,3,2.0,10080.0
650,1945,1950,7,7,2,3.0,10437.0
651,1935,1950,5,5,2,2.0,10042.0
652,1941,2006,7,5,3,3.0,7122.0
653,1900,2000,9,6,3,2.0,8102.0
654,1940,1989,7,6,2,3.0,8904.0
655,1924,2003,7,5,1,2.0,8316.0
656,1937,2000,7,6,3,2.0,9538.0
657,1939,1950,5,6,2,2.0,8321.0
658,1926,1950,7,6,2,2.0,7266.0
659,1920,1997,7,5,3,2.0,7836.0
660,1946,1950,7,4,2,2.0,
661,1929,1950,7,4,2,2.0,8861.0
662,1945,1995,6,5,3,2.0,7140.0
663,1939,1950,5,7,2,2.0,9658.0
664,1923,1950,5,5,2,2.0,9892.0
665,1915,2004,4,6,3,3.0,12537.0
666,1910,1983,8,6,2,2.0,11988.0
667,1910,1950,8,6,2,2.0,7162.0
668,1930,1950,6,6,3,2.0,8351.0
669,1952,1952,6,6,2,2.0,13174.0
670,1938,1958,6,6,2,2.0,9854.0
671,1915,1978,6,5,1,2.0,13025.0
672,1925,1992,7,6,2,2.0,9732.0
673,1925,1950,6,6,2,2.0,9394.0
674,1912,1991,8,5,2,2.0,12186.0
675,1915,1950,3,3,1,2.0,12488.0
676,1947,1993,6,5,2,2.0,12010.0
677,1963,1963,6,5,2,3.0,13923.0
678,1978,1978,5,6,2,2.0,15938.0
679,1967,2005,7,5,1,3.0,12951.0
680,1978,1978,8,6,2,2.0,10313.0
681,1967,1967,5,5,2,2.0,12487.0
682,1984,1984,5,5,2,2.0,10448.0
683,1920,1950,4,5,2,2.0,15930.0
684,1963,2003,8,5,3,3.0,11795.0
685,1956,1956,8,6,2,2.0,17496.0
686,1960,1960,3,5,2,2.0,14051.0
687,1941,1973,7,5,2,3.0,10928.0
688,1970,1970,8,5,3,3.0,13166.0
689,1979,1979,6,7,2,2.0,24076.0
690,1948,1950,5,7,2,2.0,7358.0
691,1940,2007,7,5,2,1.0,22687.0
692,1956,1956,6,5,2,3.0,13803.0
693,1975,1975,5,5,2,2.0,11078.0
694,1962,2001,8,6,2,2.0,11766.0
695,1995,2002,5,6,2,3.0,14620.0
696,1994,1994,5,7,2,3.0,14588.0
697,1993,1994,5,7,2,3.0,18070.0
698,1996,1996,5,7,2,3.0,13955.0
699,2007,2007,5,7,2,3.0,13308.0
700,2007,2007,5,8,2,3.0,13805.0
701,2008,2008,5,9,2,4.0,17998.0
702,2008,2008,5,9,2,4.0,16637.0
703,1995,1995,5,8,2,3.0,15555.0
704,1966,1966,6,6,2,2.0,15441.0
705,1994,1994,7,5,2,2.0,12594.0
706,1997,1998,5,7,2,3.0,12616.0
707,1997,1997,5,6,2,3.0,16473.0
708,2000,2000,5,7,2,3.0,12034.0
709,2000,2001,5,7,2,3.0,15989.0
710,1978,1978,6,5,2,2.0,15518.0
711,1975,1975,6,5,2,2.0,11944.0
712,1975,2001,6,5,2,2.0,17938.0
713,2001,2001,5,7,2,3.0,14472.0
714,2001,2002,5,9,2,3.0,14201.0
715,2002,2003,5,8,2,3.0,19538.0
716,2003,2003,5,7,2,3.0,15014.0
717,1999,2000,5,8,2,3.0,15133.0
718,2004,2004,5,6,2,3.0,6822.0
719,1997,1998,5,6,3,2.0,14910.0
720,2004,2004,5,7,2,3.0,13145.0
721,2007,2007,6,7,2,3.0,15024.0
722,2007,2007,5,7,2,3.0,12999.0
723,1966,1966,5,5,2,2.0,12952.0
724,1976,1976,5,5,2,2.0,14543.0
725,1976,1976,6,6,2,2.0,9372.0
726,1977,1977,6,6,2,2.0,12910.0
727,1976,2001,7,6,2,2.0,9722.0
728,1959,1996,7,5,2,4.0,51823.0
729,1955,1955,5,4,1,2.0,7164.0
730,1955,1955,5,4,2,2.0,7997.0
731,1955,1955,5,4,2,2.0,8723.0
732,1938,2007,7,5,2,4.0,13902.0
733,1947,1993,8,5,3,2.0,9187.0
734,1953,1953,5,4,2,2.0,11915.0
735,1954,1954,6,4,2,2.0,9624.0
736,1923,2008,7,4,2,3.0,7771.0
737,1921,1950,8,7,2,2.0,10344.0
738,1930,1950,7,6,2,2.0,11781.0
739,1926,1950,6,6,2,2.0,11490.0
740,1914,1995,6,6,2,2.0,18752.0
741,1925,1997,9,8,3,3.0,10326.0
742,1923,1950,3,6,2,2.0,12853.0
743,1937,1995,6,5,2,3.0,14860.0
744,1938,1950,4,5,2,2.0,11971.0
745,1951,1951,5,6,1,2.0,10785.0
746,1935,1950,6,8,2,2.0,13144.0
747,1950,2000,9,7,3,3.0,15987.0
748,1956,1956,5,5,2,2.0,30628.0
749,1980,1980,6,6,2,2.0,4315.0
750,1926,1998,8,6,3,2.0,9124.0
751,1940,2006,8,6,2,2.0,8050.0
752,1930,1950,7,5,2,2.0,10231.0
753,1967,1967,5,5,2,2.0,8848.0
754,1930,1995,7,5,2,2.0,9274.0
755,1958,1958,5,5,2,2.0,12462.0
756,1952,1952,5,1,0,1.0,15804.0
757,1895,1950,7,4,2,2.0,7122.0
758,1910,2000,7,4,2,2.0,6750.0
759,1920,1950,6,4,2,1.0,10862.0
760,2007,2008,5,8,2,4.0,8142.0
761,2004,2005,5,7,2,4.0,7997.0
762,1996,1997,5,7,2,3.0,28626.0
763,1996,1997,5,7,2,3.0,15264.0
764,1976,1976,4,5,2,2.0,12616.0
765,1991,1991,5,4,2,2.0,14767.0
766,1986,1986,6,7,2,3.0,7854.0
767,2006,2007,5,8,2,3.0,15432.0
768,2007,2007,5,8,2,3.0,16356.0
769,2006,2007,5,5,2,2.0,12196.0
770,2008,2008,5,7,2,3.0,15156.0
771,1989,1989,5,6,2,2.0,17014.0
772,1986,1986,5,6,3,3.0,21919.0
773,2003,2003,5,8,2,3.0,15006.0
774,1999,2000,5,6,2,3.0,12073.0
775,2007,2007,5,8,2,3.0,15857.0
776,2005,2006,5,8,2,3.0,16532.0
777,1997,1998,5,7,3,2.0,12412.0
778,2007,2008,5,5,2,2.0,11514.0
779,1997,1997,5,6,2,2.0,7392.0
780,1964,1964,5,4,2,2.0,17677.0
781,1975,1975,6,5,2,2.0,6903.0
782,1976,1976,7,5,2,2.0,5236.0
783,1973,2006,7,4,3,2.0,4126.0
784,1973,1973,6,4,2,2.0,3564.0
785,1968,1968,6,5,3,3.0,20671.0
786,1970,2007,9,6,3,2.0,3489.0
787,1983,1983,7,5,3,2.0,9016.0
788,1982,2005,6,5,2,3.0,8554.0
789,1984,1984,6,5,2,2.0,14632.0
790,1900,1950,1,5,2,2.0,59410.0
791,1971,1971,6,6,2,2.0,14410.0
792,1997,1997,5,6,2,2.0,11030.0
793,1994,1994,5,6,2,2.0,13207.0
794,1999,2000,5,6,2,2.0,12285.0
795,1996,1996,5,7,2,3.0,10583.0
796,1999,2003,5,6,2,2.0,11625.0
797,1992,1993,5,7,2,3.0,12352.0
798,1993,1994,5,6,2,2.0,11256.0
799,1964,1964,6,6,2,2.0,21424.0
800,1988,1988,5,8,2,2.0,7808.0
801,1990,1990,5,8,2,3.0,8439.0
802,2005,2005,5,8,2,4.0,17019.0
803,2006,2007,5,9,2,3.0,58539.0
804,1969,1990,5,5,2,2.0,45240.0
805,2006,2006,5,9,2,4.0,11979.0
806,2006,2006,5,8,2,3.0,20120.0
807,2006,2007,5,10,2,4.0,19084.0
808,1984,1984,5,6,2,2.0,14200.0
809,1981,2003,7,7,2,3.0,15184.0
810,1978,1985,6,7,2,3.0,16155.0
811,1979,1979,5,7,2,3.0,14986.0
812,1984,1984,6,6,2,3.0,15186.0
813,1979,1999,5,6,2,2.0,14111.0
814,1971,1971,5,6,2,2.0,17039.0
815,1976,1976,6,7,2,3.0,12978.0
816,1974,1974,6,6,2,2.0,11545.0
817,1970,1990,6,5,2,2.0,12884.0
818,1970,2002,5,5,2,4.0,10356.0
819,1961,1961,7,4,3,2.0,19577.0
820,2001,2001,5,6,2,3.0,7638.0
821,1997,1998,5,6,2,3.0,14275.0
822,1973,1973,6,6,2,2.0,4374.0
823,1973,1973,5,6,2,4.0,4240.0
824,1978,1978,7,7,2,2.0,4987.0
825,1966,1966,6,5,2,2.0,9486.0
826,2006,2007,5,9,2,4.0,17213.0
827,2006,2007,5,8,2,3.0,16181.0
828,2007,2007,5,8,2,3.0,19903.0
829,2007,2007,5,9,2,4.0,19865.0
830,2006,2007,5,8,2,4.0,18047.0
831,2005,2006,5,10,2,4.0,20965.0
832,2007,2007,5,9,2,4.0,20215.0
833,2005,2006,5,9,2,4.0,19549.0
834,2007,2007,5,10,2,4.0,23367.0
835,2007,2008,5,8,2,3.0,21489.0
836,2007,2007,5,8,2,4.0,13961.0
837,2006,2006,5,9,2,4.0,18483.0
838,2004,2004,5,8,2,4.0,19085.0
839,2003,2003,5,8,2,3.0,19409.0
840,2007,2007,5,8,2,4.0,16551.0
841,2005,2006,5,7,2,3.0,14270.0
842,2005,2005,5,8,2,3.0,13613.0
843,2006,2007,5,8,2,3.0,14774.0
844,2005,2006,5,6,2,3.0,7406.0
845,2005,2006,5,6,2,3.0,7408.0
846,2005,2006,5,6,2,3.0,9885.0
847,2006,2006,5,8,2,3.0,8710.0
848,2005,2005,5,9,2,4.0,12004.0
849,2006,2006,5,8,2,3.0,9476.0
850,2003,2003,5,7,2,3.0,6838.0
851,2007,2007,5,6,2,3.0,18846.0
852,2005,2006,5,6,2,3.0,13179.0
853,2006,2007,5,7,2,3.0,15957.0
854,2006,2006,5,6,2,3.0,11760.0
855,2006,2007,5,6,2,3.0,12557.0
856,2005,2005,5,6,2,3.0,15519.0
857,2007,2007,5,6,2,3.0,11157.0
858,2007,2007,5,7,2,3.0,10521.0
859,2007,2007,6,7,2,3.0,10663.0
860,2003,2003,5,8,2,3.0,7552.0
861,2007,2007,5,7,2,3.0,6846.0
862,2004,2005,5,7,2,3.0,18834.0
863,2004,2004,5,7,2,3.0,13442.0
864,2006,2006,5,7,2,3.0,14723.0
865,2003,2003,5,7,2,3.0,14328.0
866,2003,2003,5,7,2,3.0,11152.0
867,2002,2002,5,7,2,3.0,12600.0
868,2000,2000,5,6,2,2.0,12584.0
869,1999,2000,5,6,2,2.0,13656.0
870,1997,1998,5,8,2,3.0,17659.0
871,1998,1998,5,9,2,3.0,16152.0
872,1998,1999,5,8,2,3.0,16363.0
873,1998,1998,5,7,2,3.0,15119.0
874,1992,1993,5,8,2,3.0,15795.0
875,1996,1997,5,8,3,3.0,14328.0
876,2007,2007,6,7,2,3.0,13456.0
877,2007,2007,5,8,2,3.0,16212.0
878,2006,2006,5,8,2,3.0,14536.0
879,2007,2007,5,10,2,4.0,17519.0
880,2007,2007,5,7,2,3.0,13729.0
881,2005,2005,5,8,2,3.0,12739.0
882,2005,2006,5,7,2,3.0,12342.0
883,2006,2006,5,7,2,3.0,13671.0
884,2006,2006,5,8,2,3.0,12809.0
885,2007,2007,5,8,2,3.0,12055.0
886,2006,2007,5,7,2,3.0,12455.0
887,2007,2007,5,8,2,3.0,12382.0
888,2007,2007,5,5,2,3.0,13285.0
889,2007,2007,5,8,2,4.0,16395.0
890,2007,2007,5,8,2,4.0,14448.0
891,2006,2006,5,8,2,3.0,16139.0
892,2004,2004,5,6,2,3.0,15483.0
893,2006,2007,5,6,2,2.0,9836.0
894,2006,2006,5,7,2,3.0,9841.0
895,2003,2004,5,5,2,3.0,15214.0
896,2006,2006,5,7,2,3.0,10986.0
897,1993,1997,5,6,2,3.0,15162.0
898,1980,1980,5,6,2,2.0,10871.0
899,1977,1977,5,5,2,2.0,8765.0
900,1968,1968,7,5,2,2.0,10618.0
901,1990,1990,5,7,2,3.0,24093.0
902,1974,1974,5,5,2,2.0,13575.0
903,1973,2006,7,6,2,3.0,16263.0
904,2004,2004,5,8,2,3.0,8051.0
905,2006,2007,5,8,2,3.0,6359.0
906,2006,2007,5,8,2,3.0,7456.0
907,2006,2007,5,7,2,3.0,7017.0
908,2006,2007,5,8,2,3.0,9060.0
909,1999,1999,5,6,2,2.0,4965.0
910,2000,2000,5,6,2,3.0,4918.0
911,1999,2000,5,7,2,3.0,11169.0
912,2003,2004,5,8,2,3.0,11892.0
913,1998,1998,5,8,3,3.0,13574.0
914,1994,1995,5,8,2,3.0,13179.0
915,1980,1980,6,7,2,3.0,17286.0
916,1981,1981,5,8,2,3.0,23944.0
917,1968,1968,6,6,2,2.0,14302.0
918,1970,1970,6,6,2,2.0,12181.0
919,1969,1969,6,6,2,2.0,11578.0
920,1968,1968,5,6,2,2.0,15212.0
921,1972,1987,7,7,2,3.0,15267.0
922,1993,1993,6,7,2,3.0,13667.0
923,1993,1993,6,7,2,3.0,14782.0
924,1966,1966,7,6,2,2.0,13856.0
925,1963,1963,5,6,2,2.0,13348.0
926,1967,1993,6,5,2,3.0,10654.0
927,1964,1964,5,4,2,2.0,12653.0
928,1956,1956,5,5,2,3.0,9886.0
929,1961,1961,5,5,2,2.0,17104.0
930,1961,1961,7,5,3,2.0,11295.0
931,1960,1960,7,5,2,2.0,10780.0
932,1966,1966,6,7,2,2.0,11614.0
933,1965,1965,5,6,2,2.0,12108.0
934,1964,1997,7,6,3,2.0,12499.0
935,1964,1964,5,6,2,2.0,14284.0
936,1959,1991,7,6,3,3.0,25957.0
937,1940,1996,7,5,2,2.0,15198.0
938,1946,1950,3,3,1,3.0,6384.0
939,1945,1950,5,3,2,1.0,4561.0
940,1958,2000,8,5,2,2.0,7385.0
941,1955,1955,6,5,3,2.0,12291.0
942,1968,1968,5,5,2,2.0,12580.0
943,1966,1966,6,5,2,2.0,12875.0
944,1961,1961,5,6,2,2.0,12765.0
945,1957,1999,7,6,2,3.0,11166.0
946,1956,1956,6,5,2,1.0,9184.0
947,1963,1963,7,5,2,3.0,11637.0
948,1960,1960,5,5,2,2.0,11724.0
949,1957,1969,6,6,2,2.0,13252.0
950,1957,1957,5,5,2,2.0,11956.0
951,1955,1975,6,5,2,2.0,15761.0
952,1955,1955,5,5,2,2.0,12818.0
953,1953,2006,9,5,4,4.0,14036.0
954,1958,1958,5,5,2,2.0,11682.0
955,1952,1952,6,6,2,2.0,13304.0
956,1953,1953,7,6,2,2.0,10315.0
957,1956,2003,8,5,3,3.0,10946.0
958,1955,1955,4,4,2,1.0,10232.0
959,1955,1955,5,5,3,2.0,10800.0
960,1953,1953,6,4,2,2.0,13382.0
961,1952,1952,5,5,2,2.0,18375.0
962,1890,2006,7,4,3,2.0,17121.0
963,1953,2004,6,5,2,2.0,15302.0
964,1935,2007,4,5,2,3.0,26887.0
965,1925,1993,7,4,2,2.0,13296.0
966,1895,1999,9,5,3,3.0,13182.0
967,1963,1999,5,7,2,2.0,13873.0
968,1961,1961,7,5,2,2.0,10748.0
969,1968,1968,6,6,2,2.0,10492.0
970,1950,1950,3,5,2,2.0,9830.0
971,1959,2003,7,5,2,3.0,9866.0
972,1958,1958,6,5,2,2.0,10218.0
973,1960,1960,5,5,2,2.0,10711.0
974,1960,1960,5,5,2,2.0,11105.0
975,1961,1961,6,5,2,2.0,8225.0
976,1962,1962,5,5,2,2.0,8738.0
977,1962,1962,5,5,2,2.0,9178.0
978,1926,1980,7,5,3,2.0,9480.0
979,1927,1950,6,6,2,2.0,8892.0
980,1922,1950,5,5,2,1.0,6850.0
981,1920,1990,6,5,2,2.0,5293.0
982,1940,1950,8,5,2,2.0,9459.0
983,1900,2006,8,5,2,3.0,11728.0
984,1900,1950,6,4,2,2.0,7984.0
985,1900,1950,8,4,2,2.0,13014.0
986,1910,1999,9,8,3,3.0,13650.0
987,1927,1950,6,6,2,2.0,12607.0
988,1910,1950,7,5,2,2.0,7602.0
989,1910,1990,8,6,2,2.0,11801.0
990,1930,2005,7,5,3,3.0,6013.0
991,1879,1987,8,7,3,2.0,17647.0
992,1956,1956,6,4,2,2.0,9925.0
993,1949,2002,7,4,2,2.0,13606.0
994,1925,1994,7,5,3,2.0,9193.0
995,1950,1950,6,5,2,2.0,11360.0
996,1939,1998,7,5,3,2.0,8543.0
997,1939,1950,6,6,2,2.0,8049.0
998,1939,1950,7,5,2,2.0,8264.0
999,1938,1950,5,6,2,2.0,9572.0
1000,1939,1952,8,5,3,2.0,8514.0
1001,1930,1992,7,5,2,2.0,9306.0
1002,1926,1950,6,5,2,3.0,8586.0
1003,1918,1995,8,6,3,2.0,11679.0
1004,1920,1950,7,6,3,3.0,11768.0
1005,1926,1950,5,5,2,2.0,11192.0
1006,1929,1990,6,7,2,3.0,8242.0
1007,1901,1950,4,5,2,2.0,7787.0
1008,1901,1950,3,5,2,2.0,8156.0
1009,1963,1963,6,6,2,2.0,17003.0
1010,1950,2005,9,7,4,3.0,13793.0
1011,1915,1950,5,6,2,2.0,14528.0
1012,1958,1958,6,4,2,2.0,6889.0
1013,1910,1950,1,4,1,2.0,13048.0
1014,1937,1980,8,7,3,2.0,17700.0
1015,1942,1979,6,5,2,2.0,6766.0
1016,1963,1963,5,5,2,2.0,13723.0
1017,1964,1980,5,5,2,2.0,14951.0
1018,1964,1964,3,4,2,2.0,16749.0
1019,1964,2001,8,5,3,2.0,16677.0
1020,1966,1966,4,5,2,2.0,14111.0
1021,1971,1990,6,5,2,2.0,10913.0
1022,1968,1968,5,5,2,2.0,10702.0
1023,1967,1967,5,5,3,2.0,11076.0
1024,1966,1966,7,5,3,3.0,10716.0
1025,1956,1998,5,5,2,2.0,17113.0
1026,1920,1996,4,5,1,2.0,21568.0
1027,1940,1998,8,7,2,3.0,9292.0
1028,1954,1995,5,6,2,3.0,14577.0
1029,1958,1998,6,5,2,2.0,16407.0
1030,1945,1950,7,4,2,2.0,10598.0
1031,1984,1984,5,6,2,2.0,14584.0
1032,1948,2005,7,5,3,3.0,19893.0
1033,1953,1953,5,5,2,2.0,26108.0
1034,1946,1950,5,4,2,2.0,19870.0
1035,1954,1994,7,6,3,3.0,17115.0
1036,1954,1954,6,6,2,3.0,14190.0
1037,1958,1958,5,5,2,2.0,7527.0
1038,1958,1994,5,4,2,3.0,12826.0
1039,1984,1984,6,5,4,2.0,6314.0
1040,1951,1951,6,5,2,2.0,12220.0
1041,1951,1994,6,5,2,2.0,13981.0
1042,1920,1950,5,4,1,2.0,10143.0
1043,1984,1984,5,6,2,3.0,29013.0
1044,1994,2001,5,7,3,3.0,13050.0
1045,2007,2007,5,8,2,3.0,13814.0
1046,2006,2007,5,8,2,3.0,15959.0
1047,2007,2007,5,8,2,3.0,14847.0
1048,2005,2006,5,7,2,3.0,15968.0
1049,2006,2006,5,8,2,3.0,12749.0
1050,2005,2006,5,7,2,3.0,10402.0
1051,2005,2006,5,7,2,3.0,13007.0
1052,1988,1988,5,7,2,3.0,12712.0
1053,1976,1976,6,8,2,3.0,24594.0
1054,1994,1994,5,5,2,2.0,17008.0
1055,1997,2006,6,6,3,3.0,12799.0
1056,1994,1994,7,5,3,2.0,11304.0
1057,1996,1996,5,5,2,2.0,19609.0
1058,1999,1999,5,7,2,3.0,14805.0
1059,1998,1999,5,7,2,2.0,15566.0
1060,2001,2001,5,7,2,3.0,12698.0
1061,2000,2000,5,7,2,3.0,12621.0
1062,1974,1974,5,5,2,2.0,13998.0
1063,1976,1976,5,5,3,2.0,11324.0
1064,1977,1977,7,5,2,2.0,12300.0
1065,1977,1977,5,5,2,2.0,11810.0
1066,1977,1977,4,5,2,2.0,18391.0
1067,1975,1975,6,5,2,2.0,11938.0
1068,1972,2000,5,5,2,4.0,9814.0
1069,1972,2006,8,4,3,3.0,9892.0
1070,2000,2000,5,7,2,3.0,16124.0
1071,2003,2003,5,7,2,3.0,12390.0
1072,2002,2002,5,7,2,3.0,12124.0
1073,1994,1995,5,8,2,3.0,15834.0
1074,2001,2001,5,8,2,3.0,17747.0
1075,1996,2002,5,7,2,3.0,19237.0
1076,1999,2000,5,8,2,3.0,20955.0
1077,2007,2007,5,7,2,3.0,10946.0
1078,2005,2005,5,7,2,3.0,11947.0
1079,2006,2007,5,6,2,3.0,11454.0
1080,2006,2006,5,7,2,3.0,11276.0
1081,2005,2005,5,5,2,3.0,11789.0
1082,1967,1967,5,5,2,2.0,12891.0
1083,1963,1963,6,4,3,2.0,11004.0
1084,1925,1950,6,5,3,2.0,19258.0
1085,1960,1960,6,6,2,2.0,11220.0
1086,1976,1976,6,6,1,2.0,9273.0
1087,1979,1979,6,5,2,2.0,12367.0
1088,2005,2006,5,5,2,2.0,9739.0
1089,2008,2009,5,10,2,4.0,52210.0
1090,2005,2005,5,6,2,3.0,5863.0
1091,1959,2000,7,5,2,1.0,9035.0
1092,1955,1955,3,4,2,1.0,8034.0
1093,1946,1950,6,5,2,2.0,11367.0
1094,1920,1995,8,6,2,2.0,11867.0
1095,1955,1955,5,4,2,2.0,10259.0
1096,1955,1955,5,4,2,2.0,10820.0
1097,1923,1950,6,5,2,2.0,15760.0
1098,1926,1950,5,5,2,2.0,10351.0
1099,1921,2005,7,6,2,2.0,9610.0
1100,1930,1995,8,7,2,2.0,5845.0
1101,1921,1950,7,6,2,2.0,9337.0
1102,1926,1991,8,6,2,2.0,9643.0
1103,1927,1992,7,7,2,3.0,10858.0
1104,1951,1951,5,5,2,2.0,15454.0
1105,1930,2003,6,4,3,3.0,10766.0
1106,1941,1950,5,5,2,2.0,8976.0
1107,1960,1960,4,6,1,2.0,29844.0
1108,1968,1968,6,6,2,2.0,25323.0
1109,1980,1980,6,6,3,2.0,4165.0
1110,1995,1996,5,4,2,3.0,22163.0
1111,1988,1988,5,8,2,2.0,6710.0
1112,1971,1971,5,7,2,2.0,24856.0
1113,1986,1986,5,8,2,3.0,22633.0
1114,1940,1950,7,6,2,3.0,9685.0
1115,1925,2003,7,5,3,2.0,10001.0
1116,1923,1999,6,5,2,3.0,
1117,1922,1950,7,5,2,2.0,5500.0
1118,1939,1950,4,2,2,2.0,12059.0
1119,1895,2006,6,5,3,2.0,11331.0
1120,1957,1980,6,4,2,2.0,9875.0
1121,1930,2007,9,5,2,3.0,8550.0
1122,2006,2007,5,8,2,3.0,9660.0
1123,1979,1979,6,6,2,3.0,15326.0
1124,2002,2002,5,5,2,3.0,13868.0
1125,2002,2002,5,7,2,3.0,16547.0
1126,1991,1992,5,7,2,2.0,13616.0
1127,1975,1975,6,7,2,2.0,11348.0
1128,1974,1974,6,6,2,2.0,11320.0
1129,1987,1987,6,7,2,3.0,8048.0
1130,1958,1995,8,6,3,3.0,23969.0
1131,2006,2007,5,7,2,3.0,12418.0
1132,2006,2007,5,8,2,4.0,12174.0
1133,1985,1985,7,7,2,3.0,13828.0
1134,2001,2001,5,8,2,3.0,10308.0
1135,2002,2002,5,8,2,3.0,16307.0
1136,1996,1996,5,6,2,2.0,11365.0
1137,2003,2004,5,7,2,3.0,16178.0
1138,2006,2007,5,10,2,4.0,17677.0
1139,1953,1953,5,3,2,2.0,48368.0
1140,1996,1997,5,6,2,2.0,9066.0
1141,1972,1972,4,4,2,2.0,3395.0
1142,1970,1970,5,4,2,2.0,3673.0
1143,1970,1970,6,4,2,2.0,3197.0
1144,1976,1976,3,4,2,2.0,3814.0
1145,1977,1977,5,5,2,3.0,12206.0
1146,1977,1977,6,6,2,2.0,21933.0
1147,1977,1994,6,5,1,3.0,38961.0
1148,1977,1977,7,5,2,2.0,11341.0
1149,1971,1971,7,5,2,2.0,8573.0
1150,1961,1961,3,4,2,2.0,31487.0
1151,1976,2003,6,5,2,2.0,13902.0
1152,1983,1983,7,5,2,2.0,14181.0
1153,1984,1984,6,5,2,2.0,12766.0
1154,1954,1954,5,6,2,2.0,14510.0
1155,1956,1956,6,6,3,3.0,13158.0
1156,1957,1957,5,5,2,2.0,16142.0
1157,1957,1957,6,6,2,4.0,43218.0
1158,1969,1969,6,7,3,2.0,16081.0
1159,1997,1998,5,6,2,2.0,11890.0
1160,1995,1995,5,6,2,2.0,16000.0
1161,1996,1996,5,6,2,2.0,13511.0
1162,2005,2005,5,8,2,3.0,16912.0
1163,2005,2006,5,7,2,3.0,19063.0
1164,1994,1994,5,8,2,3.0,18823.0
1165,1993,1994,6,6,2,2.0,10977.0
1166,1987,1987,5,8,2,2.0,6867.0
1167,2005,2006,5,9,4,4.0,21290.0
1168,2006,2006,5,10,2,4.0,24180.0
1169,2006,2006,5,9,2,3.0,17065.0
1170,2006,2006,5,10,2,4.0,21836.0
1171,2005,2006,5,9,2,4.0,21413.0
1172,2005,2005,5,9,2,3.0,12459.0
1173,2005,2005,5,9,2,4.0,23820.0
1174,1980,1980,6,6,2,2.0,13438.0
1175,1978,1978,5,7,2,2.0,14719.0
1176,1976,1976,5,7,2,2.0,13581.0
1177,2005,2006,5,7,2,3.0,13577.0
1178,1975,2000,6,6,2,3.0,13689.0
1179,1974,1974,6,6,2,2.0,13342.0
1180,1971,1971,4,4,2,2.0,9640.0
1181,2002,2002,5,6,2,3.0,12682.0
1182,1973,1973,5,6,2,2.0,4817.0
1183,1973,1973,6,5,2,3.0,4766.0
1184,1972,1972,7,6,2,2.0,3678.0
1185,1972,1972,5,6,2,2.0,3375.0
1186,1972,1972,5,6,2,2.0,4265.0
1187,1975,1975,5,6,2,2.0,6901.0
1188,1967,1975,7,5,2,2.0,10384.0
1189,1976,1976,7,7,2,2.0,4738.0
1190,1976,1976,5,6,2,2.0,4978.0
1191,2006,2006,5,9,2,4.0,21545.0
1192,2004,2004,5,8,2,3.0,20279.0
1193,2006,2006,5,7,2,3.0,16606.0
1194,2005,2005,5,9,2,4.0,20521.0
1195,2005,2006,5,9,2,4.0,18332.0
1196,2005,2006,5,9,2,4.0,14632.0
1197,2005,2006,5,8,2,4.0,17532.0
1198,2006,2006,5,8,2,3.0,15203.0
1199,2005,2006,5,8,2,4.0,16583.0
1200,2005,2006,5,9,2,3.0,18724.0
1201,2004,2005,5,9,2,4.0,19560.0
1202,2004,2004,5,8,2,3.0,17758.0
1203,2005,2005,5,9,2,4.0,10040.0
1204,2006,2006,5,9,2,4.0,12643.0
1205,2006,2006,5,9,2,3.0,10811.0
1206,2005,2006,5,6,2,3.0,12835.0
1207,2006,2006,5,7,2,3.0,12939.0
1208,2006,2006,5,6,2,3.0,14939.0
1209,2004,2005,5,8,2,3.0,15974.0
1210,2006,2006,5,7,2,3.0,11975.0
1211,2006,2006,5,7,2,3.0,6324.0
1212,2002,2002,5,7,2,3.0,6505.0
1213,2004,2004,5,7,2,3.0,6679.0
1214,2005,2006,5,7,2,3.0,5914.0
1215,2004,2005,5,7,2,3.0,12298.0
1216,2000,2000,5,6,2,2.0,11960.0
1217,2006,2006,5,7,2,3.0,16923.0
1218,1998,1998,5,8,2,3.0,14016.0
1219,2000,2000,5,8,2,3.0,13757.0
1220,2000,2000,5,9,2,4.0,14951.0
1221,1995,1995,5,8,2,3.0,15763.0
1222,1993,1994,5,9,3,4.0,25470.0
1223,1994,1995,5,8,2,3.0,15318.0
1224,1993,1993,5,8,2,3.0,18374.0
1225,2005,2006,5,8,2,3.0,16741.0
1226,2006,2006,5,8,2,3.0,19926.0
1227,2006,2006,5,8,2,3.0,14742.0
1228,2006,2006,5,8,2,3.0,11840.0
1229,2006,2006,5,9,2,4.0,18895.0
1230,2005,2005,5,6,2,3.0,11367.0
1231,2005,2005,5,6,2,3.0,10075.0
1232,2005,2006,5,7,2,3.0,14779.0
1233,2005,2006,5,6,2,3.0,15373.0
1234,2005,2005,5,7,2,3.0,11228.0
1235,2005,2005,5,7,2,3.0,10727.0
1236,1997,1998,5,6,2,2.0,12235.0
1237,1992,1993,5,6,2,3.0,13322.0
1238,1990,1991,5,6,2,3.0,10559.0
1239,1991,1991,5,6,2,3.0,10157.0
1240,1994,1994,5,6,2,3.0,11487.0
1241,1962,1962,4,5,2,2.0,11700.0
1242,1977,1977,6,6,3,2.0,11109.0
1243,1962,2002,6,5,2,2.0,12213.0
1244,1965,1965,5,5,2,2.0,11586.0
1245,1968,1968,6,5,2,2.0,10690.0
1246,1963,1963,6,5,2,2.0,11452.0
1247,1965,1965,6,5,2,2.0,15408.0
1248,1964,1964,6,5,2,2.0,9844.0
1249,1967,1967,6,5,2,2.0,11058.0
1250,1974,1974,4,7,1,3.0,21456.0
1251,1992,1993,5,8,2,3.0,16821.0
1252,2004,2004,5,7,2,3.0,6693.0
1253,2005,2005,5,7,2,3.0,4933.0
1254,2000,2000,5,6,2,3.0,5750.0
1255,2003,2003,5,7,2,3.0,6603.0
1256,1997,1998,5,7,2,3.0,11503.0
1257,2001,2002,5,8,2,3.0,11146.0
1258,1972,1972,6,5,2,2.0,16390.0
1259,1967,1967,6,7,2,2.0,13604.0
1260,1968,1968,5,5,2,2.0,12206.0
1261,1968,1968,5,5,2,2.0,12170.0
1262,1968,2004,7,6,2,3.0,12004.0
1263,1968,1968,6,5,2,2.0,10743.0
1264,1966,1966,5,5,2,2.0,12577.0
1265,1967,1967,7,5,2,2.0,12528.0
1266,1965,2000,7,6,3,3.0,12487.0
1267,1964,1964,6,6,2,2.0,13662.0
1268,1964,1964,6,5,2,2.0,12262.0
1269,1960,1960,7,5,2,2.0,13582.0
1270,1934,1950,8,6,2,2.0,10918.0
1271,1947,1950,7,5,2,2.0,12276.0
1272,1961,1990,6,5,2,2.0,13218.0
1273,1952,1952,6,5,3,2.0,14530.0
1274,1951,1951,5,5,2,2.0,12152.0
1275,1949,1973,6,5,2,2.0,12678.0
1276,1954,1975,6,5,3,2.0,12160.0
1277,1967,1967,5,5,2,2.0,12591.0
1278,1964,1964,5,6,2,2.0,15702.0
1279,1963,1963,7,6,2,2.0,12169.0
1280,1957,1957,5,5,2,2.0,11334.0
1281,1958,1958,6,6,2,2.0,12715.0
1282,1956,1956,6,5,2,2.0,13230.0
1283,1956,1994,6,6,2,2.0,13286.0
1284,1954,2000,8,6,3,3.0,10478.0
1285,1952,2003,6,5,2,2.0,15228.0
1286,1951,1951,6,6,2,3.0,12361.0
1287,1956,1956,7,5,2,2.0,9830.0
1288,1956,1956,5,5,2,2.0,13667.0
1289,1955,1955,6,5,2,2.0,16012.0
1290,1951,1991,6,5,2,2.0,17661.0
1291,1941,1963,5,7,2,2.0,25148.0
1292,1956,2001,5,5,2,2.0,17068.0
1293,1925,1975,5,5,1,2.0,29413.0
1294,1947,1950,6,6,2,2.0,10273.0
1295,1930,2001,8,3,3,3.0,12443.0
1296,1929,1950,3,3,1,2.0,13191.0
1297,1900,1998,8,4,3,1.0,8526.0
1298,1915,1950,8,6,4,2.0,10315.0
1299,1910,1950,4,4,2,2.0,14639.0
1300,1963,1963,5,6,2,2.0,13472.0
1301,1962,1985,5,6,2,2.0,12356.0
1302,1961,1992,6,6,2,2.0,15256.0
1303,1959,1959,5,7,2,3.0,13901.0
1304,1962,1998,8,7,2,2.0,23744.0
1305,1950,1950,6,4,2,3.0,15738.0
1306,1950,1950,4,3,2,2.0,9984.0
1307,1960,1960,5,5,2,2.0,11624.0
1308,1961,1961,4,5,2,2.0,9750.0
1309,1962,1962,6,7,2,2.0,10018.0
1310,1962,1962,6,5,2,2.0,9064.0
1311,1962,1962,5,5,2,2.0,9322.0
1312,1900,2005,8,5,3,2.0,13449.0
1313,1948,1950,6,5,2,2.0,12860.0
1314,1920,1980,6,4,2,1.0,8486.0
1315,1900,2004,8,6,2,3.0,12220.0
1316,1900,1970,7,7,2,2.0,9779.0
1317,1930,1950,8,7,2,3.0,6294.0
1318,1900,1950,6,4,2,1.0,11244.0
1319,1924,1950,5,6,2,2.0,10197.0
1320,1925,1950,7,5,2,2.0,7841.0
1321,1950,1950,5,4,2,2.0,9283.0
1322,1905,1950,5,3,2,2.0,10273.0
1323,1955,1955,7,5,2,2.0,8496.0
1324,1924,1950,7,5,3,3.0,9176.0
1325,1921,1950,5,3,2,2.0,9092.0
1326,1945,1950,7,6,2,2.0,11906.0
1327,1920,1950,4,3,2,1.0,7859.0
1328,1910,2005,6,7,2,2.0,10491.0
1329,1920,1950,7,5,2,2.0,8234.0
1330,1958,1958,5,5,2,2.0,12294.0
1331,1918,1950,3,3,1,1.0,6906.0
1332,1924,1996,7,6,2,2.0,14784.0
1333,1930,1950,5,3,2,2.0,8292.0
1334,1930,1984,7,5,3,3.0,8420.0
1335,1925,1950,5,5,2,2.0,13962.0
1336,1962,1962,5,6,2,2.0,37777.0
1337,1924,1950,5,4,2,1.0,13362.0
1338,1910,2004,8,5,3,2.0,9751.0
1339,1919,1950,4,5,2,3.0,10429.0
1340,1930,1950,6,6,2,2.0,9640.0
1341,1951,1951,5,5,1,2.0,14891.0
1342,1964,1964,5,6,2,2.0,15734.0
1343,1950,1950,5,5,2,2.0,23629.0
1344,1935,1950,7,5,2,2.0,9663.0
1345,1936,1950,3,5,2,2.0,7217.0
1346,2004,2004,5,7,2,2.0,8012.0
1347,1967,1967,6,5,2,2.0,14659.0
1348,1964,1964,7,6,3,2.0,12702.0
1349,1966,1966,6,5,2,2.0,11492.0
1350,1967,1967,5,5,2,2.0,13249.0
1351,1978,1978,6,6,2,2.0,10234.0
1352,1977,1977,4,5,2,2.0,14516.0
1353,1977,1977,4,5,2,2.0,12783.0
1354,1924,1950,5,5,2,1.0,19711.0
1355,1967,1967,6,7,2,2.0,24854.0
1356,1963,1963,6,5,2,2.0,16249.0
1357,1971,1972,7,5,2,2.0,12988.0
1358,1980,1981,5,7,2,3.0,4752.0
1359,1954,1954,5,4,3,2.0,12670.0
1360,1942,1950,5,5,2,2.0,9180.0
1361,1928,1950,7,6,2,2.0,23648.0
1362,1935,1990,8,6,2,3.0,27624.0
1363,1962,1962,5,5,2,2.0,16846.0
1364,1952,2002,6,5,2,2.0,14678.0
1365,1955,1999,8,5,2,3.0,12921.0
1366,1953,1953,5,6,2,2.0,12439.0
1367,1989,1989,4,6,2,4.0,16474.0
1368,1993,1993,8,6,3,3.0,13349.0
1369,2005,2006,5,7,2,3.0,15075.0
1370,2005,2005,5,7,2,3.0,10804.0
1371,2006,2006,5,6,2,3.0,17586.0
1372,2005,2006,5,8,2,4.0,15991.0
1373,2005,2006,5,7,2,3.0,14718.0
1374,2005,2005,5,7,2,3.0,13365.0
1375,2005,2005,5,7,2,3.0,12639.0
1376,1968,1968,5,6,1,2.0,15356.0
1377,1996,1996,6,5,3,2.0,15677.0
1378,1995,1995,5,6,2,3.0,16108.0
1379,1998,1998,5,7,2,2.0,12256.0
1380,1999,1999,5,7,2,3.0,12743.0
1381,1999,2000,5,7,2,3.0,17265.0
1382,1977,1977,6,6,2,2.0,11568.0
1383,1978,1978,6,6,2,2.0,14106.0
1384,1972,1972,8,5,2,2.0,9225.0
1385,2002,2002,5,7,2,3.0,13803.0
1386,1999,1999,5,6,2,2.0,13018.0
1387,2002,2002,5,8,2,3.0,14514.0
1388,2002,2002,5,7,2,3.0,12144.0
1389,1999,1999,5,8,2,3.0,14990.0
1390,1996,1997,5,7,2,3.0,25402.0
1391,1998,1998,5,7,2,3.0,15138.0
1392,1995,1996,5,7,3,3.0,15505.0
1393,2003,2003,5,6,2,3.0,6831.0
1394,2003,2003,5,7,2,3.0,12203.0
1395,2006,2006,5,7,2,3.0,11852.0
1396,2005,2005,5,7,2,3.0,11691.0
1397,2005,2006,5,7,2,3.0,12261.0
1398,1910,2000,6,4,3,2.0,11711.0
1399,1975,1975,5,6,2,2.0,9828.0
1400,1969,1969,4,5,2,2.0,19049.0
1401,2003,2004,5,7,2,3.0,10691.0
1402,2002,2002,5,6,2,3.0,9942.0
1403,2003,2005,5,7,2,3.0,15300.0
1404,2005,2006,5,6,2,2.0,5863.0
1405,2004,2004,5,7,2,3.0,5621.0
1406,1948,1950,7,4,3,2.0,8781.0
1407,1915,1950,3,6,1,2.0,10728.0
1408,1924,1950,5,4,2,2.0,11813.0
1409,1954,1968,4,4,2,2.0,19087.0
1410,1922,1950,4,4,2,2.0,10188.0
1411,1922,1955,3,2,2,2.0,9400.0
1412,1910,1993,7,4,2,3.0,13976.0
1413,1938,1950,5,5,2,1.0,13739.0
1414,1945,1950,6,6,2,2.0,8990.0
1415,1926,1997,8,7,2,3.0,10531.0
1416,1920,1950,8,6,2,2.0,7544.0
1417,1919,1950,8,7,2,3.0,12353.0
1418,1939,1950,5,5,2,2.0,12987.0
1419,1941,1950,4,5,2,2.0,8543.0
1420,1920,1950,5,6,2,2.0,24894.0
1421,1940,1950,6,5,2,2.0,15541.0
1422,1929,1950,7,7,3,2.0,11314.0
1423,1932,1990,7,7,2,3.0,15249.0
1424,1930,1959,7,6,2,2.0,17163.0
1425,1950,1963,7,5,3,2.0,19617.0
1426,1942,1950,6,5,2,2.0,9775.0
1427,1926,1950,7,6,2,2.0,9976.0
1428,1925,1950,4,4,2,2.0,9750.0
1429,1925,1950,6,4,2,1.0,9022.0
1430,1957,1957,5,6,2,3.0,12070.0
1431,1945,1950,5,3,2,2.0,13118.0
1432,1951,1951,6,5,1,2.0,11056.0
1433,1916,1950,5,3,2,2.0,9672.0
1434,2005,2006,5,8,2,4.0,10046.0
1435,2004,2005,5,8,2,3.0,8071.0
1436,1979,1979,6,6,2,1.0,27706.0
1437,1978,1978,5,6,2,2.0,12329.0
1438,2001,2001,5,8,2,3.0,12928.0
1439,1975,1975,6,6,2,2.0,13946.0
1440,1958,1958,5,6,2,2.0,54040.0
1441,2000,2000,5,6,2,3.0,11525.0
1442,2005,2006,5,8,2,3.0,18402.0
1443,2005,2006,5,9,2,4.0,16482.0
1444,1951,1951,3,1,1,2.0,33255.0
1445,1997,1997,5,7,3,2.0,10508.0
1446,1977,1977,6,5,2,2.0,4851.0
1447,1968,2003,7,5,2,2.0,12318.0
1448,1970,1970,5,5,2,2.0,16068.0
1449,1970,1970,6,4,2,2.0,2730.0
1450,1972,1972,4,4,2,2.0,3375.0
1451,1969,1979,5,5,2,2.0,16504.0
1452,1970,1970,5,4,2,2.0,3457.0
1453,1970,1970,5,4,2,2.0,3198.0
1454,1970,1970,7,4,2,2.0,3574.0
1455,1970,1970,5,4,2,2.0,3842.0
1456,1960,1996,7,5,2,2.0,23972.0
1457,1992,1992,5,5,2,2.0,12515.0
1458,1993,1994,5,7,2,2.0,13701.0
